{
  "Isolation Forest": {
    "model": "Isolation Forest",
    "roc_auc": 0.9414647049027827,
    "pr_auc": 0.13947207885528226,
    "ks": 0.784742041160865,
    "precision": 0.36363636363636365,
    "recall": 0.24489795918367346,
    "f1": 0.2926829268292683,
    "threshold": 0.761050386343181
  },
  "XGBoost": {
    "model": "XGBoost",
    "roc_auc": 0.9843265492747464,
    "pr_auc": 0.8643269503558019,
    "ks": 0.8849456777646343,
    "precision": 0.9518072289156626,
    "recall": 0.8061224489795918,
    "f1": 0.8729281767955801,
    "threshold": 0.9248558282852173
  },
  "LightGBM": {
    "model": "LightGBM",
    "roc_auc": 0.9854576045387203,
    "pr_auc": 0.8770003807376281,
    "ks": 0.8959544003307569,
    "precision": 0.9634146341463414,
    "recall": 0.8061224489795918,
    "f1": 0.8777777777777778,
    "threshold": 0.9781700254142994
  }
}